skill_id,name
S0,evolve seamless paradigms
S1,whiteboard cross-platform ROI
S2,whiteboard viral technologies
S3,syndicate robust niches
S4,reinvent best-of-breed e-tailers
S5,repurpose cross-platform deliverables
S6,expedite intuitive communities
S7,innovate interactive relationships
S8,visualize ubiquitous relationships
S9,unleash one-to-one architectures
S10,harness revolutionary applications
S11,drive impactful functionalities
S12,re-contextualize killer systems
S13,engineer value-added metrics
S14,matrix end-to-end portals
S15,generate e-business architectures
S16,re-contextualize intuitive initiatives
S17,productize front-end channels
S18,orchestrate revolutionary vortals
S19,enable scalable platforms
S20,unleash best-of-breed niches
S21,transition seamless infrastructures
S22,re-contextualize bleeding-edge experiences
S23,optimize cutting-edge solutions
S24,brand robust eyeballs
S25,engineer B2C channels
S26,scale revolutionary functionalities
S27,expedite synergistic info-mediaries
S28,monetize visionary content
S29,matrix web-enabled e-business
S30,productize front-end e-commerce
S31,maximize world-class interfaces
S32,extend seamless methodologies
S33,transform intuitive markets
S34,drive mission-critical e-tailers
S35,target clicks-and-mortar eyeballs
S36,benchmark cutting-edge platforms
S37,transform cross-media initiatives
S38,unleash value-added e-markets
S39,maximize vertical synergies
S40,cultivate holistic e-markets
S41,incubate 24/7 channels
S42,monetize out-of-the-box models
S43,maximize front-end portals
S44,target cutting-edge schemas
S45,maximize open-source paradigms
S46,mesh compelling methodologies
S47,seize end-to-end systems
S48,reinvent virtual infrastructures
S49,harness extensible e-markets
S50,monetize interactive mindshare
S51,monetize synergistic solutions
S52,unleash clicks-and-mortar architectures
S53,exploit visionary metrics
S54,mesh open-source experiences
S55,enable strategic experiences
S56,brand back-end e-markets
S57,benchmark ubiquitous interfaces
S58,repurpose sticky convergence
S59,matrix out-of-the-box metrics
S60,enhance interactive partnerships
S61,synergize e-business ROI
S62,visualize bricks-and-clicks experiences
S63,implement user-centric architectures
S64,deploy proactive convergence
S65,drive best-of-breed e-tailers
S66,incubate viral deliverables
S67,visualize innovative networks
S68,innovate best-of-breed systems
S69,synthesize mission-critical relationships
S70,morph wireless metrics
S71,orchestrate ubiquitous networks
S72,re-contextualize real-time supply-chains
S73,innovate e-business ROI
S74,scale proactive platforms
S75,exploit killer solutions
S76,embrace clicks-and-mortar convergence
S77,innovate scalable e-markets
S78,target transparent convergence
S79,mesh innovative schemas
S80,strategize world-class web services
S81,cultivate distributed web services
S82,reinvent strategic infrastructures
S83,productize vertical eyeballs
S84,enhance next-generation ROI
S85,incubate back-end supply-chains
S86,transition holistic e-services
S87,incentivize interactive synergies
S88,innovate intuitive communities
S89,benchmark B2C experiences
S90,aggregate scalable web-readiness
S91,revolutionize killer technologies
S92,engineer web-enabled e-tailers
S93,matrix bleeding-edge portals
S94,cultivate collaborative vortals
S95,embrace rich systems
S96,scale value-added bandwidth
S97,cultivate next-generation networks
S98,expedite synergistic info-mediaries
S99,maximize real-time interfaces
